"number","base","targetSha","headSha","exitCode"
"48","codex/issue-15-questionnaire-consent","eead9bd1ff18c55b131eb7fb06e7b665f8b31de0","61e74c910268b896561cdcbdf87d54bfc26e105b","0"
"47","issue-24-customer-auto-register","c1447e90011d9995f1b1bb142ade27ba5a009cd6","d8b3ada95d788932e44df808dd810d3dd9e4966c","0"
"46","main","3cb4feb085547e28eda9a2ff0395dc8bb333eabf","7f1386c6d3da25030e49bcb635bd06494faf287c","0"
"44","main","3cb4feb085547e28eda9a2ff0395dc8bb333eabf","eead9bd1ff18c55b131eb7fb06e7b665f8b31de0","0"
"43","main","3cb4feb085547e28eda9a2ff0395dc8bb333eabf","1798cd21f15724dc9a9a564f3eb33278843d64b7","0"
"42","issue-24-customer-auto-register","c1447e90011d9995f1b1bb142ade27ba5a009cd6","2ae35c5244d814eb3a3fcabbdccacb0c628b688c","0"
"41","main","3cb4feb085547e28eda9a2ff0395dc8bb333eabf","b7858729deacb9068efd1c208bbae98f412a3da4","0"
"40","main","3cb4feb085547e28eda9a2ff0395dc8bb333eabf","85637bff420b6fbbd1a1a7780658fb8eecca35c5","0"
"39","codex/issue-18-sc06","3d65bd221d8cd554bcb9dd63d543f6ee1ce56c99","849c642540c51e1afe7c4e6b7087e7db19126a3f","0"
"38","main","3cb4feb085547e28eda9a2ff0395dc8bb333eabf","dedf8684d8b9f5fa3f19cab6aee0481b9faef71e","0"
"37","main","3cb4feb085547e28eda9a2ff0395dc8bb333eabf","865bac4baff9f38a9bb041c7987d268d5fb0a179","0"
"36","main","3cb4feb085547e28eda9a2ff0395dc8bb333eabf","c7847a196159dc4955c5645c500a1a8c75ba801a","0"
"35","main","3cb4feb085547e28eda9a2ff0395dc8bb333eabf","620066377b0464dce496dd2f91873172c0d34e5d","0"
"34","main","3cb4feb085547e28eda9a2ff0395dc8bb333eabf","3d65bd221d8cd554bcb9dd63d543f6ee1ce56c99","0"
"33","issue-25-customer-edit","3a787fb9b168a2d42525fddb826fd5d6a465a671","c1447e90011d9995f1b1bb142ade27ba5a009cd6","0"
"32","main","3cb4feb085547e28eda9a2ff0395dc8bb333eabf","3a787fb9b168a2d42525fddb826fd5d6a465a671","0"
"31","main","3cb4feb085547e28eda9a2ff0395dc8bb333eabf","dd7600f5c6e63d54c1be69fb3a74779ceabddc29","0"
"30","main","3cb4feb085547e28eda9a2ff0395dc8bb333eabf","8286063d850bb380132eb63f8211f8c5c1d543c2","0"
"29","main","3cb4feb085547e28eda9a2ff0395dc8bb333eabf","747ed35898efcf8af3ff7e77448429a63f873d21","0"
"28","main","3cb4feb085547e28eda9a2ff0395dc8bb333eabf","40468ec5d5d94fbe267850e3a285978249203cbe","0"
