"PR_A","PR_B","Result","Files"
"48","47","conflict","src/app/questionnaire/[id]/page.tsx; src/lib/sheets.ts"
"48","46","clean",""
"48","44","clean",""
"48","43","conflict","src/app/api/public/questionnaires/route.ts; src/app/questionnaire/[id]/page.tsx; src/lib/questionnaireValidation.ts; src/lib/sheets.ts"
"48","42","conflict","src/app/questionnaire/[id]/page.tsx; src/lib/sheets.ts"
"48","41","conflict","src/app/api/public/questionnaires/route.ts; src/app/questionnaire/[id]/page.tsx; src/lib/questionnaireValidation.ts; src/lib/sheets.ts"
"48","40","conflict","src/app/api/public/questionnaires/route.ts; src/app/questionnaire/[id]/page.tsx"
"48","39","conflict","src/app/questionnaire/[id]/page.tsx; src/app/questionnaire/scan/page.tsx; src/lib/sheets.ts"
"48","38","conflict","src/app/api/public/questionnaires/route.ts; src/app/questionnaire/[id]/page.tsx"
"48","37","clean",""
"48","36","clean",""
"48","35","clean",""
"48","34","conflict","src/app/questionnaire/[id]/page.tsx; src/app/questionnaire/scan/page.tsx; src/lib/sheets.ts"
"48","33","conflict","src/app/questionnaire/[id]/page.tsx; src/lib/sheets.ts"
"48","32","clean",""
"48","31","clean",""
"48","30","clean",""
"48","29","clean",""
"48","28","clean",""
"47","46","conflict","src/app/customers/[id]/page.tsx"
"47","44","conflict","src/app/questionnaire/[id]/page.tsx"
"47","43","conflict","src/app/api/public/questionnaires/route.ts; src/app/questionnaire/[id]/page.tsx; src/lib/sheets.ts"
"47","42","clean",""
"47","41","conflict","src/app/api/public/questionnaires/route.ts; src/app/questionnaire/[id]/page.tsx; src/lib/sheets.ts; src/types/index.ts"
"47","40","conflict","src/app/api/public/questionnaires/route.ts; src/app/questionnaire/[id]/page.tsx"
"47","39","conflict","src/app/api/public/questionnaires/route.ts; src/lib/api.ts; src/lib/localStore.ts; src/lib/sheets.ts"
"47","38","conflict","src/app/api/public/questionnaires/route.ts"
"47","37","conflict","src/app/api/public/questionnaires/route.ts; src/lib/mockData.ts"
"47","36","conflict","src/app/api/public/questionnaires/route.ts; src/lib/mockData.ts"
"47","35","conflict","src/app/api/public/questionnaires/route.ts; src/lib/mockData.ts"
"47","34","conflict","src/app/api/public/questionnaires/route.ts; src/lib/api.ts; src/lib/localStore.ts; src/lib/sheets.ts"
"47","33","clean",""
"47","32","clean",""
"47","31","clean",""
"47","30","clean",""
"47","29","conflict","src/app/api/public/questionnaires/route.ts; src/lib/mockData.ts"
"47","28","clean",""
"46","44","clean",""
"46","43","clean",""
"46","42","conflict","src/app/customers/[id]/page.tsx"
"46","41","clean",""
"46","40","clean",""
"46","39","clean",""
"46","38","clean",""
"46","37","clean",""
"46","36","clean",""
"46","35","clean",""
"46","34","clean",""
"46","33","conflict","src/app/customers/[id]/page.tsx"
"46","32","conflict","src/app/customers/[id]/page.tsx"
"46","31","clean",""
"46","30","clean",""
"46","29","clean",""
"46","28","clean",""
"44","43","conflict","src/app/api/public/questionnaires/route.ts; src/app/questionnaire/[id]/page.tsx"
"44","42","conflict","src/app/questionnaire/[id]/page.tsx"
"44","41","conflict","src/app/api/public/questionnaires/route.ts; src/app/questionnaire/[id]/page.tsx"
"44","40","conflict","src/app/api/public/questionnaires/route.ts; src/app/questionnaire/[id]/page.tsx"
"44","39","conflict","src/app/questionnaire/[id]/page.tsx"
"44","38","conflict","src/app/api/public/questionnaires/route.ts; src/app/questionnaire/[id]/page.tsx"
"44","37","clean",""
"44","36","clean",""
"44","35","clean",""
"44","34","conflict","src/app/questionnaire/[id]/page.tsx"
"44","33","conflict","src/app/questionnaire/[id]/page.tsx"
"44","32","clean",""
"44","31","clean",""
"44","30","clean",""
"44","29","clean",""
"44","28","clean",""
"43","42","conflict","src/app/api/public/questionnaires/route.ts; src/app/questionnaire/[id]/page.tsx; src/lib/sheets.ts"
"43","41","conflict","src/app/api/public/questionnaires/route.ts; src/app/questionnaire/[id]/page.tsx; src/lib/questionnaireValidation.ts; src/lib/sheets.ts; src/types/index.ts"
"43","40","conflict",".eslintrc.json; src/app/api/public/questionnaires/route.ts; src/app/questionnaire/[id]/page.tsx"
"43","39","conflict","src/app/api/public/questionnaires/route.ts; src/app/questionnaire/[id]/page.tsx; src/app/questionnaire/scan/page.tsx"
"43","38","conflict","src/app/api/public/questionnaires/route.ts; src/app/questionnaire/[id]/page.tsx"
"43","37","conflict","src/lib/mockData.ts"
"43","36","conflict","src/lib/mockData.ts"
"43","35","conflict","src/lib/mockData.ts"
"43","34","conflict","src/app/api/public/questionnaires/route.ts; src/app/questionnaire/[id]/page.tsx; src/app/questionnaire/scan/page.tsx"
"43","33","conflict","src/app/api/public/questionnaires/route.ts; src/app/questionnaire/[id]/page.tsx; src/lib/sheets.ts"
"43","32","clean",""
"43","31","clean",""
"43","30","clean",""
"43","29","conflict","src/lib/mockData.ts"
"43","28","clean",""
"42","41","conflict","src/app/api/public/questionnaires/route.ts; src/app/questionnaire/[id]/page.tsx; src/lib/sheets.ts; src/types/index.ts"
"42","40","conflict","src/app/api/public/questionnaires/route.ts; src/app/questionnaire/[id]/page.tsx"
"42","39","conflict","src/app/api/public/questionnaires/route.ts; src/lib/api.ts; src/lib/localStore.ts; src/lib/sheets.ts"
"42","38","conflict","src/app/api/public/questionnaires/route.ts"
"42","37","conflict","src/app/api/public/questionnaires/route.ts; src/lib/mockData.ts"
"42","36","conflict","src/app/api/public/questionnaires/route.ts; src/lib/mockData.ts"
"42","35","conflict","src/app/api/public/questionnaires/route.ts; src/lib/mockData.ts"
"42","34","conflict","src/app/api/public/questionnaires/route.ts; src/lib/api.ts; src/lib/localStore.ts; src/lib/sheets.ts"
"42","33","clean",""
"42","32","clean",""
"42","31","clean",""
"42","30","clean",""
"42","29","conflict","package-lock.json; src/app/api/public/questionnaires/route.ts; src/lib/mockData.ts"
"42","28","clean",""
"41","40","conflict","src/app/api/public/bookings/route.ts; src/app/api/public/questionnaires/route.ts; src/app/api/reservations/route.ts; src/app/booking/page.tsx; src/app/questionnaire/[id]/page.tsx; src/app/questionnaire/scan/page.tsx; src/lib/sheets.ts; src/types/index.ts"
"41","39","conflict","src/app/api/public/questionnaires/route.ts; src/app/questionnaire/[id]/page.tsx; src/app/questionnaire/scan/page.tsx; src/types/index.ts"
"41","38","conflict","src/app/api/public/questionnaires/route.ts; src/app/questionnaire/[id]/page.tsx; src/app/reservations/page.tsx; src/lib/sheets.ts"
"41","37","conflict","src/app/api/public/bookings/route.ts; src/app/api/public/questionnaires/route.ts; src/app/api/reservations/route.ts; src/app/dashboard/page.tsx; src/app/reservations/page.tsx; src/lib/sheets.ts; src/types/index.ts"
"41","36","conflict","src/app/api/public/bookings/route.ts; src/app/api/public/questionnaires/route.ts; src/app/api/reservations/route.ts; src/app/dashboard/page.tsx; src/app/reservations/page.tsx; src/lib/sheets.ts; src/types/index.ts"
"41","35","conflict","src/app/api/public/bookings/route.ts; src/app/api/public/questionnaires/route.ts; src/app/api/reservations/route.ts; src/app/dashboard/page.tsx; src/app/reservations/page.tsx; src/lib/sheets.ts; src/types/index.ts"
"41","34","conflict","src/app/api/public/questionnaires/route.ts; src/app/questionnaire/[id]/page.tsx; src/app/questionnaire/scan/page.tsx; src/types/index.ts"
"41","33","conflict","src/app/api/public/questionnaires/route.ts; src/app/questionnaire/[id]/page.tsx; src/lib/sheets.ts; src/types/index.ts"
"41","32","clean",""
"41","31","clean",""
"41","30","clean",""
"41","29","conflict","src/app/api/public/bookings/route.ts; src/app/api/public/questionnaires/route.ts; src/app/api/reservations/route.ts; src/app/dashboard/page.tsx; src/app/reservations/page.tsx; src/lib/sheets.ts; src/types/index.ts"
"41","28","clean",""
"40","39","conflict","src/app/api/public/questionnaires/route.ts; src/app/questionnaire/[id]/page.tsx; src/app/questionnaire/scan/page.tsx; src/lib/mockData.ts; src/lib/sheets.ts; src/types/index.ts"
"40","38","conflict","src/app/api/public/questionnaires/route.ts; src/app/questionnaire/[id]/page.tsx; src/app/reservations/page.tsx; src/lib/sheets.ts"
"40","37","conflict","src/app/api/public/bookings/route.ts; src/app/api/public/questionnaires/route.ts; src/app/api/reservations/route.ts; src/app/dashboard/page.tsx; src/app/reservations/page.tsx; src/lib/mockData.ts; src/lib/sheets.ts; src/types/index.ts"
"40","36","conflict","src/app/api/public/bookings/route.ts; src/app/api/public/questionnaires/route.ts; src/app/api/reservations/route.ts; src/app/dashboard/page.tsx; src/app/reservations/page.tsx; src/lib/mockData.ts; src/lib/sheets.ts; src/types/index.ts"
"40","35","conflict","src/app/api/public/bookings/route.ts; src/app/api/public/questionnaires/route.ts; src/app/api/reservations/route.ts; src/app/dashboard/page.tsx; src/app/reservations/page.tsx; src/lib/mockData.ts; src/lib/sheets.ts; src/types/index.ts"
"40","34","conflict","src/app/api/public/questionnaires/route.ts; src/app/questionnaire/[id]/page.tsx; src/app/questionnaire/scan/page.tsx; src/lib/mockData.ts; src/lib/sheets.ts; src/types/index.ts"
"40","33","conflict","src/app/api/public/questionnaires/route.ts; src/app/questionnaire/[id]/page.tsx"
"40","32","clean",""
"40","31","clean",""
"40","30","clean",""
"40","29","conflict","src/app/api/public/bookings/route.ts; src/app/api/public/questionnaires/route.ts; src/app/api/reservations/route.ts; src/app/dashboard/page.tsx; src/app/reservations/page.tsx; src/lib/mockData.ts; src/lib/sheets.ts; src/types/index.ts"
"40","28","clean",""
"39","38","conflict","src/app/api/public/questionnaires/route.ts"
"39","37","conflict","src/app/api/public/questionnaires/route.ts"
"39","36","conflict","src/app/api/public/questionnaires/route.ts"
"39","35","conflict","src/app/api/public/questionnaires/route.ts"
"39","34","clean",""
"39","33","conflict","src/app/api/public/questionnaires/route.ts; src/lib/api.ts; src/lib/localStore.ts; src/lib/sheets.ts"
"39","32","conflict","src/lib/api.ts"
"39","31","clean",""
"39","30","clean",""
"39","29","conflict","src/app/api/public/questionnaires/route.ts"
"39","28","clean",""
"38","37","conflict","src/app/reservations/page.tsx; src/lib/sheets.ts; src/types/index.ts"
"38","36","conflict","src/app/reservations/page.tsx; src/lib/sheets.ts; src/types/index.ts"
"38","35","conflict","src/app/reservations/page.tsx; src/lib/sheets.ts; src/types/index.ts"
"38","34","conflict","src/app/api/public/questionnaires/route.ts"
"38","33","conflict","src/app/api/public/questionnaires/route.ts"
"38","32","clean",""
"38","31","clean",""
"38","30","clean",""
"38","29","conflict","src/app/reservations/page.tsx; src/lib/sheets.ts; src/types/index.ts"
"38","28","clean",""
"37","36","clean",""
"37","35","clean",""
"37","34","conflict","src/app/api/public/questionnaires/route.ts"
"37","33","conflict","src/app/api/public/questionnaires/route.ts; src/lib/mockData.ts"
"37","32","clean",""
"37","31","conflict","src/lib/weather.ts"
"37","30","clean",""
"37","29","conflict","package-lock.json; src/app/api/reservations/route.ts; src/lib/reservations.ts"
"37","28","clean",""
"36","35","clean",""
"36","34","conflict","src/app/api/public/questionnaires/route.ts"
"36","33","conflict","src/app/api/public/questionnaires/route.ts; src/lib/mockData.ts"
"36","32","clean",""
"36","31","clean",""
"36","30","clean",""
"36","29","conflict","src/app/api/reservations/route.ts"
"36","28","clean",""
"35","34","conflict","src/app/api/public/questionnaires/route.ts"
"35","33","conflict","src/app/api/public/questionnaires/route.ts; src/lib/mockData.ts"
"35","32","clean",""
"35","31","clean",""
"35","30","clean",""
"35","29","clean",""
"35","28","clean",""
"34","33","conflict","src/app/api/public/questionnaires/route.ts; src/lib/api.ts; src/lib/localStore.ts; src/lib/sheets.ts"
"34","32","conflict","src/lib/api.ts"
"34","31","clean",""
"34","30","clean",""
"34","29","conflict","src/app/api/public/questionnaires/route.ts"
"34","28","clean",""
"33","32","clean",""
"33","31","clean",""
"33","30","clean",""
"33","29","conflict","src/app/api/public/questionnaires/route.ts; src/lib/mockData.ts"
"33","28","clean",""
"32","31","clean",""
"32","30","clean",""
"32","29","clean",""
"32","28","clean",""
"31","30","clean",""
"31","29","clean",""
"31","28","clean",""
"30","29","clean",""
"30","28","clean",""
"29","28","clean",""
